<?xml version="1.0" encoding="UTF-8"?>
<modification>
    <code>cedcommerce_wish_integration</code>
    <name>CedWish Integration</name>
    <version>1.0</version>
    <author>CedCommerce Private Limited</author>
    <link>http://cedcommerce.com</link>
	<!--********************language for header menu **************************-->
	<file path="admin/language/english/common/menu.php">
		<operation>
			<search>
				<![CDATA[$_['text_paypal_search']               = 'Search';]]>
			</search>
			<add position="after" ><![CDATA[

				$_['text_cedwish'] 	                = 'Wish';
				$_['text_cedwish_module'] 	        = 'Configuration';
				$_['text_cedwish_map_category']     = 'Profile';
				$_['text_cedwish_order'] 	        = 'Order';
				$_['text_cedwish_order_error'] 	    = 'Failed Order';
				$_['text_cedwish_product'] 	        = 'Product';
   			]]>
			</add>
		</operation>
	</file>
	<file path="admin/controller/common/menu.php">
		<!--********************urls and text for header menu **************************-->
		<operation>
			<search>
				
				<![CDATA[return $this->load->view('common/menu.tpl', $data);]]>
			</search>
			<add position="before" ><![CDATA[
				$data['text_cedwish'] = $this->language->get('text_cedwish');

			    $data['text_cedwish_module'] = $this->language->get('text_cedwish_module');
				$data['cedwish_module'] = $this->url->link('module/ced_wish', 'token=' . $this->session->data['token'], 'SSL');

				$data['text_cedwish_map_category'] = $this->language->get('text_cedwish_map_category');
				$data['cedwish_map_category'] = $this->url->link('ced_wish/map_category', 'token=' . $this->session->data['token'], 'SSL');

				$data['text_cedwish_order'] = $this->language->get('text_cedwish_order');
				$data['cedwish_order'] = $this->url->link('ced_wish/order', 'token=' . $this->session->data['token'], 'SSL');

				$data['text_cedwish_order_error'] = $this->language->get('text_cedwish_order_error');
				$data['cedwish_order_error'] = $this->url->link('ced_wish/order_error', 'token=' . $this->session->data['token'], 'SSL');

				$data['text_cedwish_product'] = $this->language->get('text_cedwish_product');
				$data['cedwish_product'] = $this->url->link('ced_wish/product', 'token=' . $this->session->data['token'], 'SSL');
				
   			]]>
			</add>
		</operation>
	</file>
	<file path="admin/view/template/common/menu.tpl">
		<!--********************user view for header menu **************************-->
		<operation>
			<search>
				
				<![CDATA[<li id="reports"><a class="parent"><i class="fa fa-bar-chart-o fa-fw"></i> <span><?php echo $text_reports; ?></span></a>]]>
			</search>
			<add position="before" ><![CDATA[

			  <li id="cedwish"><a class="parent"><i class="icon-AdminCedwish"></i> <span><?php echo $text_cedwish; ?></span></a>
			      <ul>
			      	<li><a href="<?php echo $cedwish_module; ?>"><?php echo $text_cedwish_module; ?></a></li>
			    	 <li><a href="<?php echo $cedwish_map_category; ?>"><?php echo $text_cedwish_map_category; ?></a></li>
			    	 <li><a href="<?php echo $cedwish_order; ?>"><?php echo $text_cedwish_order; ?></a></li>
			    	 <li><a href="<?php echo $cedwish_order_error; ?>"><?php echo $text_cedwish_order_error; ?></a></li>
			    	 <li><a href="<?php echo $cedwish_product; ?>"><?php echo $text_cedwish_product; ?></a></li>
			      </ul>
			  </li>
			  <style>
                .icon-AdminCedwish::before, .icon-AdminCedwish::before 
                {
                  content: "CW";
                }
              </style>
   			]]>
			</add>
		</operation>
	</file>
</modification> 